{
  "texture_png": "runs\\agent_garden_demo_v1\\execution\\route_b\\route_b_selected.png",
  "texture_tga": "runs\\agent_garden_demo_v1\\execution\\route_b\\selected__route-b__custom-paint-job.tga",
  "previews": [
    "runs\\agent_garden_demo_v1\\execution\\route_b\\route_b_width_4_left.png",
    "runs\\agent_garden_demo_v1\\execution\\route_b\\route_b_width_4_right.png",
    "runs\\agent_garden_demo_v1\\execution\\route_b\\route_b_width_4_top.png",
    "runs\\agent_garden_demo_v1\\execution\\route_b\\route_b_width_4_multiview.png"
  ],
  "score": {
    "candidate_id": "width_4",
    "seam_score": 0.9936755759907621,
    "contrast_score": 0.7657742682626748,
    "saturation_score": 0.7424032468781393,
    "coverage_score": 0.5536503261990018,
    "texture_score": 0.8204419957674517,
    "multi_view": {
      "views": [
        {
          "view_name": "left",
          "foreground_ratio": 0.10807291666666667,
          "contrast_score": 0.5892680303153494,
          "saturation_score": 0.817179628519104,
          "detail_score": 0.9168796397712061,
          "mean_luminance": 0.21183512262557858
        },
        {
          "view_name": "right",
          "foreground_ratio": 0.1071045524691358,
          "contrast_score": 0.5775785019797305,
          "saturation_score": 0.7885752182000372,
          "detail_score": 0.9365488176071178,
          "mean_luminance": 0.19553952733949154
        },
        {
          "view_name": "top",
          "foreground_ratio": 0.04136766975308642,
          "contrast_score": 0.6532677109393126,
          "saturation_score": 0.8112566187943693,
          "detail_score": 1.0,
          "mean_luminance": 0.21795601150229268
        }
      ],
      "consistency_score": 0.952697497792542,
      "total_score": 0.8116765168562788
    },
    "semantic": null,
    "total_score": 0.8173740781485412
  },
  "constraints_passed": true,
  "metrics": {
    "selected_edge_width": 4,
    "asset_seam": {
      "seam_pair_count": 4999,
      "samples_per_edge": 16,
      "color_error": 0.0015086472322455434,
      "gradient_error": 0.00045698072814732537,
      "total_error": 0.001245730606220989
    },
    "multi_view_score": 0.8116765168562788,
    "multi_view_retention": 0.9999422267755027,
    "total_score": 0.8173740781485412,
    "constraints_passed": true
  },
  "artifacts": {
    "raw_texture": "runs\\agent_garden_demo_v1\\execution\\route_b\\uv_baked_raw.png",
    "texture_png": "runs\\agent_garden_demo_v1\\execution\\route_b\\route_b_selected.png",
    "texture_tga": "runs\\agent_garden_demo_v1\\execution\\route_b\\selected__route-b__custom-paint-job.tga",
    "previews": [
      "runs\\agent_garden_demo_v1\\execution\\route_b\\route_b_width_4_left.png",
      "runs\\agent_garden_demo_v1\\execution\\route_b\\route_b_width_4_right.png",
      "runs\\agent_garden_demo_v1\\execution\\route_b\\route_b_width_4_top.png",
      "runs\\agent_garden_demo_v1\\execution\\route_b\\route_b_width_4_multiview.png"
    ],
    "weapon_space_canvases": {
      "left": "runs\\agent_garden_demo_v1\\execution\\route_b\\weapon_space_left.png",
      "right": "runs\\agent_garden_demo_v1\\execution\\route_b\\weapon_space_right.png",
      "top": "runs\\agent_garden_demo_v1\\execution\\route_b\\weapon_space_top.png"
    }
  },
  "asset_verification": {
    "mesh_sha256": "dae29ee5cadfbf17f84d50d0fe1d50500988e45886571f17bf5eab0d4065654f",
    "uv_sheet_sha256": null
  },
  "asset_contract": {
    "asset_spec": {
      "asset_id": "cs2_ak47_new_geometry",
      "display_name": "AK-47 (new CS2 Workshop geometry)",
      "game": "Counter-Strike 2",
      "mesh_path": "D:\\project\\SDSC6002-SkinSmith\\third_party\\valve_geometry\\weapon_rif_ak47.obj",
      "mesh_sha256": "dae29ee5cadfbf17f84d50d0fe1d50500988e45886571f17bf5eab0d4065654f",
      "mesh_version": "Valve Workshop Resources: NEW CS2 weapon model geometry",
      "uv_source": "mesh_derived_from_same_obj",
      "uv_address_mode": "clamp",
      "uv_sheet_path": null,
      "uv_sheet_sha256": null,
      "texture_size": 2048,
      "export_format": "TGA 24-bit Custom Paint exact-fit",
      "camera_views": [
        "left",
        "right",
        "top"
      ],
      "semantic_region_order": [
        "magazine",
        "pistol_grip",
        "handguard",
        "barrel_muzzle",
        "stock",
        "receiver",
        "front_assembly"
      ],
      "default_region": "other",
      "source_path": "D:\\project\\SDSC6002-SkinSmith\\config\\assets\\ak47_cs2.json"
    },
    "canonical_frame_axes": {
      "longitudinal_axis": [
        0.0,
        0.0,
        1.0
      ],
      "up_axis": [
        0.0,
        1.0,
        0.0
      ]
    }
  },
  "geometry_maps": {
    "size": 2048,
    "valid_pixel_count": 2971821,
    "valid_pixel_fraction": 0.7085373401641846,
    "overlap_pixel_count": 15375,
    "overlap_pixel_fraction": 0.0036656856536865234,
    "maximum_coverage_count": 14
  },
  "content_provenance": {
    "master_artwork__side": {
      "semantic_role": "master_artwork",
      "composition_group_id": "master_artwork",
      "source_path": "runs\\agent_garden_demo_v1\\execution\\generated_sources\\route_b_master_artwork.png",
      "sha256": "26d7ae014ad4411079c5e6a796eed5ad89a7fd2e1cbc2cc969185aea0860ea29"
    },
    "master_artwork__top": {
      "semantic_role": "master_artwork",
      "composition_group_id": "master_artwork",
      "source_path": "runs\\agent_garden_demo_v1\\execution\\generated_sources\\route_b_master_artwork.png",
      "sha256": "26d7ae014ad4411079c5e6a796eed5ad89a7fd2e1cbc2cc969185aea0860ea29"
    }
  },
  "composition_mode": "continuous_master_artwork_obj_uv_bake",
  "edge_candidates": {
    "width_0": {
      "width": 0,
      "texture_png": "runs\\agent_garden_demo_v1\\execution\\route_b\\width_0.png",
      "previews": [
        "runs\\agent_garden_demo_v1\\execution\\route_b\\route_b_width_0_left.png",
        "runs\\agent_garden_demo_v1\\execution\\route_b\\route_b_width_0_right.png",
        "runs\\agent_garden_demo_v1\\execution\\route_b\\route_b_width_0_top.png",
        "runs\\agent_garden_demo_v1\\execution\\route_b\\route_b_width_0_multiview.png"
      ],
      "asset_seam": {
        "seam_pair_count": 4999,
        "samples_per_edge": 16,
        "color_error": 0.10519158470081452,
        "gradient_error": 0.029588178555062718,
        "total_error": 0.08629073316437658
      },
      "score": {
        "candidate_id": "route_b_width_0",
        "seam_score": 0.9910792548741613,
        "contrast_score": 0.798934648078297,
        "saturation_score": 0.7577096944840607,
        "coverage_score": 0.640257199605306,
        "texture_score": 0.8437458828068468,
        "multi_view": {
          "views": [
            {
              "view_name": "left",
              "foreground_ratio": 0.10823109567901235,
              "contrast_score": 0.5878554655331596,
              "saturation_score": 0.8270932228957808,
              "detail_score": 0.8910733873750966,
              "mean_luminance": 0.21831801071971377
            },
            {
              "view_name": "right",
              "foreground_ratio": 0.10710648148148148,
              "contrast_score": 0.5858925475577772,
              "saturation_score": 0.7966281590024582,
              "detail_score": 0.9306376931187824,
              "mean_luminance": 0.20208085251246236
            },
            {
              "view_name": "top",
              "foreground_ratio": 0.041373456790123456,
              "contrast_score": 0.6641533277965961,
              "saturation_score": 0.8261218827760067,
              "detail_score": 1.0,
              "mean_luminance": 0.2293199786441992
            }
          ],
          "consistency_score": 0.9440571013838053,
          "total_score": 0.8117234127352325
        },
        "semantic": null,
        "total_score": 0.8325380182817818
      },
      "multi_view_retention": 1.0
    },
    "width_4": {
      "width": 4,